Source,Interest,Year,ID,Title,Funding,Organization,PI,ActivityCode,Link
NIH RePORTER,Which genomics technologies have experienced the fastest NIH funding growth over the last five years?,2020-2025,11374055,The Molecular Basis of R249W LMNA-related Congenital Muscular Dystrophy,424743,"UNIV OF MARYLAND, COLLEGE PARK",,R21,https://reporter.nih.gov/project-details/11374055
NIH RePORTER,Which genomics technologies have experienced the fastest NIH funding growth over the last five years?,2020-2025,11352040,Echinocandin Cross-resistance and Hetero-resistance,412324,JOHNS HOPKINS UNIVERSITY,,R21,https://reporter.nih.gov/project-details/11352040
NIH RePORTER,Which genomics technologies have experienced the fastest NIH funding growth over the last five years?,2020-2025,11359654,Neuropeptide Y Receptor Signaling in Gut GVHD: Targeting Y1/Y2 Pathways for Immune Modulation,164500,COLUMBIA UNIVERSITY HEALTH SCIENCES,,R03,https://reporter.nih.gov/project-details/11359654
NIH RePORTER,Which genomics technologies have experienced the fastest NIH funding growth over the last five years?,2020-2025,11344989,Immune checkpoint receptors and their blockade in skin and gut,602641,UNIVERSITY OF CHICAGO,,R37,https://reporter.nih.gov/project-details/11344989
NIH RePORTER,Which genomics technologies have experienced the fastest NIH funding growth over the last five years?,2020-2025,11347745,Efficacy of targeting GAPM3 to block acute and chronic Toxoplasma gondii infections,463290,UNIVERSITY OF OKLAHOMA HLTH SCIENCES CTR,,R01,https://reporter.nih.gov/project-details/11347745
NIH RePORTER,Which genomics technologies have experienced the fastest NIH funding growth over the last five years?,2020-2025,11355774,Development of Adipose Derived Stems Cells System for HCMV latency,148519,UNIVERSITY OF TENNESSEE KNOXVILLE,,R03,https://reporter.nih.gov/project-details/11355774
NIH RePORTER,Which genomics technologies have experienced the fastest NIH funding growth over the last five years?,2020-2025,11365750,The impact of the cord blood methylome on early-onset pediatric atopic dermatitis,784314,HENRY FORD HEALTH + MICHIGAN STATE UNIVERSITY HEALTH SCIENCES,,U01,https://reporter.nih.gov/project-details/11365750
NIH RePORTER,Which genomics technologies have experienced the fastest NIH funding growth over the last five years?,2020-2025,11449110,Immune reprogramming with bioengineered scaffolds for the treatment of biofilm infection,762758,UNIVERSITY OF NEBRASKA MEDICAL CENTER,,R01,https://reporter.nih.gov/project-details/11449110
NIH RePORTER,Which genomics technologies have experienced the fastest NIH funding growth over the last five years?,2020-2025,11374090,Tumor-targeted delivery of tetanus toxoid by Listeria reduces glioblastomas in mice,431970,ALBERT EINSTEIN COLLEGE OF MEDICINE,,R21,https://reporter.nih.gov/project-details/11374090
NIH RePORTER,Which genomics technologies have experienced the fastest NIH funding growth over the last five years?,2020-2025,11346421,Driving Innovation in Renal Therapeutics by Harnessing Novel Molecular Pathways of Renal Injury in Nephropathic Cystinosis,736509,"UNIVERSITY OF CALIFORNIA, SAN FRANCISCO",,R01,https://reporter.nih.gov/project-details/11346421
NIH RePORTER,Which genomics technologies have experienced the fastest NIH funding growth over the last five years?,2020-2025,11359536,Modeling bone metastasis and tumor dormancy in prostate cancer,820855,COLUMBIA UNIVERSITY HEALTH SCIENCES,,U01,https://reporter.nih.gov/project-details/11359536
NIH RePORTER,Which genomics technologies have experienced the fastest NIH funding growth over the last five years?,2020-2025,11275854,"Differentiation, fate, and function of pathogenic T helper cells in graft-versus-host disease",775740,PURDUE UNIVERSITY,,R01,https://reporter.nih.gov/project-details/11275854
NIH RePORTER,Which genomics technologies have experienced the fastest NIH funding growth over the last five years?,2020-2025,11366090,A novel eNAMPT-neutralizing mAb to reduce antimicrobial resistance following hospital- and ventilator-associated bacterial pneumonia,861088,UNIVERSITY OF FLORIDA,,R01,https://reporter.nih.gov/project-details/11366090
NIH RePORTER,Which genomics technologies have experienced the fastest NIH funding growth over the last five years?,2020-2025,11356472,Elucidating the molecular nature and evolutionary conservation of RNA pathogen-associated molecular patterns (PAMPs) across the poxvirus family,209499,UNIVERSITY OF TEXAS AT AUSTIN,,R21,https://reporter.nih.gov/project-details/11356472
NIH RePORTER,Which genomics technologies have experienced the fastest NIH funding growth over the last five years?,2020-2025,11405985,In Situ Structural Biology of HIV-1 Transcription and Latency in CD4⁺ T Cells,170980,UNIVERSITY OF OXFORD,,R21,https://reporter.nih.gov/project-details/11405985
NIH RePORTER,Which genomics technologies have experienced the fastest NIH funding growth over the last five years?,2020-2025,11296190,Integrating High Resolution Elemental Mapping with Spatial Transcriptomics to Analyze Metal Based Pathttps://apps.era.nih.gov/gmii/manage/view.era?applId=11296190#hways in Tumor Growth and Spread,743264,CEDARS-SINAI MEDICAL CENTER,,R37,https://reporter.nih.gov/project-details/11296190
NIH RePORTER,Which genomics technologies have experienced the fastest NIH funding growth over the last five years?,2020-2025,11356489,Characterization of potent antivirals targeting HBV capsid,249225,EMORY UNIVERSITY,,R21,https://reporter.nih.gov/project-details/11356489
NIH RePORTER,Which genomics technologies have experienced the fastest NIH funding growth over the last five years?,2020-2025,11368683,Immunotherapy for Glioblastoma by Targeting an Immunoregulatory Neuropeptide,567754,OHIO STATE UNIVERSITY,,R01,https://reporter.nih.gov/project-details/11368683
NIH RePORTER,Which genomics technologies have experienced the fastest NIH funding growth over the last five years?,2020-2025,11239524,Population genomic screening in primary care practices serving an urban population,963225,UNIVERSITY OF PENNSYLVANIA,,U01,https://reporter.nih.gov/project-details/11239524
NIH RePORTER,Which genomics technologies have experienced the fastest NIH funding growth over the last five years?,2020-2025,11356322,Host-specific profiles of Defective Viral Genomes of influenza virus,270443,"SCRIPPS RESEARCH INSTITUTE, THE",,R21,https://reporter.nih.gov/project-details/11356322
NIH RePORTER,Which genomics technologies have experienced the fastest NIH funding growth over the last five years?,2020-2025,11227703,Incretin Mimetics for Intercepting Obesity-Related Cancers: Effects and Underlying Mechanisms,656285,UNIV OF NORTH CAROLINA CHAPEL HILL,,R01,https://reporter.nih.gov/project-details/11227703
NIH RePORTER,Which genomics technologies have experienced the fastest NIH funding growth over the last five years?,2020-2025,11279673,Developing Novel High-dimensional Integrative Mediation Analysis Methods and Tools for Cardiovascular Diseases,657595,UNIVERSITY OF MINNESOTA,,R01,https://reporter.nih.gov/project-details/11279673
NIH RePORTER,Which genomics technologies have experienced the fastest NIH funding growth over the last five years?,2020-2025,11306321,Lactic acid sensing is a targetable vulnerability in clear cell Renal Cell Carcinoma,529260,UNIVERSITY OF MIAMI SCHOOL OF MEDICINE,,R01,https://reporter.nih.gov/project-details/11306321
NIH RePORTER,Which genomics technologies have experienced the fastest NIH funding growth over the last five years?,2020-2025,11365416,"Polymicrobial Tickborne Infection Immunology in an Endemic Region of Long Island, New York",787580,STATE UNIVERSITY NEW YORK STONY BROOK,,R01,https://reporter.nih.gov/project-details/11365416
NIH RePORTER,Which genomics technologies have experienced the fastest NIH funding growth over the last five years?,2020-2025,11439220,Reducing Intratumoral Bacteria to Enhance Anti-Tumor Immunity in Oral Squamous Cell Carcinoma,640775,CLEVELAND CLINIC LERNER COM-CWRU,,R37,https://reporter.nih.gov/project-details/11439220
NIH RePORTER,Which genomics technologies have experienced the fastest NIH funding growth over the last five years?,2020-2025,11297334,Integrative approach to discover genes that disentangle obesity from cardiometabolic risk in a large multi-ancestry study,856812,ICAHN SCHOOL OF MEDICINE AT MOUNT SINAI,,R01,https://reporter.nih.gov/project-details/11297334
NIH RePORTER,Which genomics technologies have experienced the fastest NIH funding growth over the last five years?,2020-2025,11391790,Neurodegenerative disease aggregation of TAF15,645448,BROWN UNIVERSITY,,R01,https://reporter.nih.gov/project-details/11391790
NIH RePORTER,Which genomics technologies have experienced the fastest NIH funding growth over the last five years?,2020-2025,11390038,2026 Cellular and Molecular Fungal Biology Gordon Research Conference and Gordon Research Seminar,10490,GORDON RESEARCH CONFERENCES,,R13,https://reporter.nih.gov/project-details/11390038
NIH RePORTER,Which genomics technologies have experienced the fastest NIH funding growth over the last five years?,2020-2025,11407402,A role for Nup358/RanBP2 in microtubule-based transport of HIV capsids,147822,UNIVERSITY OF NEW SOUTH WALES,,R21,https://reporter.nih.gov/project-details/11407402
NIH RePORTER,Which genomics technologies have experienced the fastest NIH funding growth over the last five years?,2020-2025,11430004,Reprogramming Virus-Primed Immunity for Targeted Immunotherapy of Ovarian Cancer,696221,ICAHN SCHOOL OF MEDICINE AT MOUNT SINAI,,R01,https://reporter.nih.gov/project-details/11430004
NIH RePORTER,Which genomics technologies have experienced the fastest NIH funding growth over the last five years?,2020-2025,11365607,Ferroptotic damage in acute pancreatitis,484720,UT SOUTHWESTERN MEDICAL CENTER,,R01,https://reporter.nih.gov/project-details/11365607
NIH RePORTER,Which genomics technologies have experienced the fastest NIH funding growth over the last five years?,2020-2025,11389775,Development of Gene Therapy Approaches to Cerebellar CACNA1A disorders,439588,UNIV OF NORTH CAROLINA CHAPEL HILL,,R21,https://reporter.nih.gov/project-details/11389775
NIH RePORTER,Which genomics technologies have experienced the fastest NIH funding growth over the last five years?,2020-2025,11293637,NextGen Spatial Multi-omics Technologies,2677663,NEW YORK GENOME CENTER,,R01,https://reporter.nih.gov/project-details/11293637
NIH RePORTER,Which genomics technologies have experienced the fastest NIH funding growth over the last five years?,2020-2025,11337716,Lineage plasticity sensitizes FGFR3-mutant bladder cancer to FGFR inhibitors,637473,UNIVERSITY OF TX MD ANDERSON CAN CTR,,R01,https://reporter.nih.gov/project-details/11337716
NIH RePORTER,Which genomics technologies have experienced the fastest NIH funding growth over the last five years?,2020-2025,11391624,Co-Regulation of Metabolism by Insulin-Glucagon Fusion Proteins,840284,INDIANA UNIVERSITY INDIANAPOLIS,,R01,https://reporter.nih.gov/project-details/11391624
NIH RePORTER,Which genomics technologies have experienced the fastest NIH funding growth over the last five years?,2020-2025,11447336,Mechanisms and Functional Roles of PARP1 Hyperactivation in Cancer,639707,UNIVERSITY OF CALIFORNIA-IRVINE,,R01,https://reporter.nih.gov/project-details/11447336
NIH RePORTER,Which genomics technologies have experienced the fastest NIH funding growth over the last five years?,2020-2025,11365417,Nickel exposure disrupts Sp1/ZEB1-dependent transcriptional regulation,3234310,NEW YORK UNIVERSITY SCHOOL OF MEDICINE,,R01,https://reporter.nih.gov/project-details/11365417
NIH RePORTER,Which genomics technologies have experienced the fastest NIH funding growth over the last five years?,2020-2025,11296102,Leveraging First Mouse Model Reproducing Human Translocation Renal Cell Carcinoma to Investigate Molecular Mechanisms,596501,UT SOUTHWESTERN MEDICAL CENTER,,R01,https://reporter.nih.gov/project-details/11296102
NIH RePORTER,Which genomics technologies have experienced the fastest NIH funding growth over the last five years?,2020-2025,11338811,Mechanisms and pharmacotherapy of neurocognitive deficits in FASD,648180,CHILDREN'S RESEARCH INSTITUTE,,R01,https://reporter.nih.gov/project-details/11338811
NIH RePORTER,Which genomics technologies have experienced the fastest NIH funding growth over the last five years?,2020-2025,11258781,AMS05: Ocrelizumab Discontinuation in Relapsing Multiple Sclerosis,1336625,UNIVERSITY OF PENNSYLVANIA,,U01,https://reporter.nih.gov/project-details/11258781
NIH RePORTER,Which genomics technologies have experienced the fastest NIH funding growth over the last five years?,2020-2025,11237269,BEACON: Building Evidence for Optimal Genomic Screening Implementation in Primary Care,664325,WAKE FOREST UNIVERSITY HEALTH SCIENCES,,U01,https://reporter.nih.gov/project-details/11237269
NIH RePORTER,Which genomics technologies have experienced the fastest NIH funding growth over the last five years?,2020-2025,11290145,Requirements for ZNF292 in cortical development and mechanisms of pathogenesis in neurodevelopmental disorders,763894,WASHINGTON UNIVERSITY,,R01,https://reporter.nih.gov/project-details/11290145
NIH RePORTER,Which genomics technologies have experienced the fastest NIH funding growth over the last five years?,2020-2025,11291772,Cellular and molecular mechanisms of CCDC120-associated osteopetrosis,337072,SOUTHERN CALIFORNIA INST FOR RES/EDUC,,R01,https://reporter.nih.gov/project-details/11291772
NIH RePORTER,Which genomics technologies have experienced the fastest NIH funding growth over the last five years?,2020-2025,11291912,Developmental characterization of synapses between neurons and oligodendrocyte precursor cells,528000,COLD SPRING HARBOR LABORATORY,,R21,https://reporter.nih.gov/project-details/11291912
NIH RePORTER,Which genomics technologies have experienced the fastest NIH funding growth over the last five years?,2020-2025,11338722,Defining the Role of Non-Clustered Protocadherins in Forebrain Circuit Assembly,513602,YALE UNIVERSITY,,R01,https://reporter.nih.gov/project-details/11338722
NIH RePORTER,Which genomics technologies have experienced the fastest NIH funding growth over the last five years?,2020-2025,11283124,Environmental sampling for the fungal pathogen Coccidioides spp. in New Mexico,520223,"TRIAD NATIONAL SECURITY, LLC",,R21,https://reporter.nih.gov/project-details/11283124
NIH RePORTER,Which genomics technologies have experienced the fastest NIH funding growth over the last five years?,2020-2025,11282313,AI-guided structural biology of Cav1.2,233250,UNIVERSITY OF WASHINGTON,,R03,https://reporter.nih.gov/project-details/11282313
NIH RePORTER,Which genomics technologies have experienced the fastest NIH funding growth over the last five years?,2020-2025,11297803,TACTIC: Tuberculosis Active Case Tracking via Interpersonal Connections,487764,BOSTON MEDICAL CENTER,,R01,https://reporter.nih.gov/project-details/11297803
NIH RePORTER,Which genomics technologies have experienced the fastest NIH funding growth over the last five years?,2020-2025,11344512,Defining Microbial and Host Pathways Driving Asymptomatic C. difficile Colonization Associated with Aging and High-Sugar Diets,649186,UNIVERSITY OF LOUISVILLE,,R01,https://reporter.nih.gov/project-details/11344512
NIH RePORTER,Which genomics technologies have experienced the fastest NIH funding growth over the last five years?,2020-2025,11346605,Causal mechanisms driving germline predisposition to myeloproliferative disorders,561407,ALBERT EINSTEIN COLLEGE OF MEDICINE,,R01,https://reporter.nih.gov/project-details/11346605
NIH RePORTER,Which genomics technologies have experienced the fastest NIH funding growth over the last five years?,2020-2025,11354081,Developing a novel technology for studying T cell differentiation in vivo,154394,NORTHWESTERN UNIVERSITY,,R21,https://reporter.nih.gov/project-details/11354081
NIH RePORTER,Which genomics technologies have experienced the fastest NIH funding growth over the last five years?,2020-2025,11391935,Targeting VIP–VPAC Signaling to Reverse Immune Exclusion and Enhance Immunotherapy Response in Pancreatic Cancer,636358,EMORY UNIVERSITY,,R01,https://reporter.nih.gov/project-details/11391935
NIH RePORTER,Which genomics technologies have experienced the fastest NIH funding growth over the last five years?,2020-2025,11239406,The Yale Population Genomic Screening Pilot: Outcomes and Best Practices for Implementation Across Different Clinical Settings.,940555,YALE UNIVERSITY,,U01,https://reporter.nih.gov/project-details/11239406
NIH RePORTER,Which genomics technologies have experienced the fastest NIH funding growth over the last five years?,2020-2025,11291374,Genetic Predictors of Exercise and Physical Activity Dropout and Adherence,242250,DUKE UNIVERSITY,,R21,https://reporter.nih.gov/project-details/11291374
NIH RePORTER,Which genomics technologies have experienced the fastest NIH funding growth over the last five years?,2020-2025,11351274,Mechanisms of antigen-specific T cell activation in MOGAD,190836,"UNIVERSITY OF CALIFORNIA, SAN FRANCISCO",,K08,https://reporter.nih.gov/project-details/11351274
NIH RePORTER,Which genomics technologies have experienced the fastest NIH funding growth over the last five years?,2020-2025,11358648,Development of a multi-modal mouse model of cluster headache,392223,UNIVERSITY OF TEXAS HLTH SCI CTR HOUSTON,,R61,https://reporter.nih.gov/project-details/11358648
NIH RePORTER,Which genomics technologies have experienced the fastest NIH funding growth over the last five years?,2020-2025,11367210,Structural and functional characterization of autoimmune antibodies against NMDAR,929257,COLD SPRING HARBOR LABORATORY,,R01,https://reporter.nih.gov/project-details/11367210
NIH RePORTER,Which genomics technologies have experienced the fastest NIH funding growth over the last five years?,2020-2025,11407888,ATPase Chromatin Remodeling Complexes as Modulators of HIV-1 Latency and Therapeutic Targets,3389992,UNIVERSITY OF FLORIDA,,R01,https://reporter.nih.gov/project-details/11407888
NIH RePORTER,Which genomics technologies have experienced the fastest NIH funding growth over the last five years?,2020-2025,11367404,Multimodal computational models for early prediction of peritoneal recurrence in gastric cancer,513915,WAKE FOREST UNIVERSITY HEALTH SCIENCES,,R37,https://reporter.nih.gov/project-details/11367404
NIH RePORTER,Which genomics technologies have experienced the fastest NIH funding growth over the last five years?,2020-2025,11420767,TAR RNA binding to INI1/SMARCB1 and its role in HIV-1 transcription and latency reactivation,3204071,ALBERT EINSTEIN COLLEGE OF MEDICINE,,R01,https://reporter.nih.gov/project-details/11420767
NIH RePORTER,Which genomics technologies have experienced the fastest NIH funding growth over the last five years?,2020-2025,11294412,Targeting disulfidptosis in cancer: mechanisms and preclinical translation,621632,UNIVERSITY OF TX MD ANDERSON CAN CTR,,R01,https://reporter.nih.gov/project-details/11294412
NIH RePORTER,Which genomics technologies have experienced the fastest NIH funding growth over the last five years?,2020-2025,11351631,Primary cilia protein IFT88 governs smooth muscle phenotype and vascular remodeling,126177,YALE UNIVERSITY,,K99,https://reporter.nih.gov/project-details/11351631
NIH RePORTER,Which genomics technologies have experienced the fastest NIH funding growth over the last five years?,2020-2025,11388452,Specific Affinity Requirements for Antibody Somatic Hypermutation,3001538,BRIGHAM AND WOMEN'S HOSPITAL,,R01,https://reporter.nih.gov/project-details/11388452
NIH RePORTER,Which genomics technologies have experienced the fastest NIH funding growth over the last five years?,2020-2025,11470303,Structure-Based Development of Nucleotide-Competing Inhibitors Against HIV-1 and LINE-1 Reverse Transcriptases,235500,RUTGERS BIOMEDICAL AND HEALTH SCIENCES,,R21,https://reporter.nih.gov/project-details/11470303
NIH RePORTER,Which genomics technologies have experienced the fastest NIH funding growth over the last five years?,2020-2025,11368996,Response and defense mechanisms of extraintestinal Escherichia coli to reactive oxygen and chlorine species,555000,ILLINOIS STATE UNIVERSITY,,R15,https://reporter.nih.gov/project-details/11368996
NIH RePORTER,Which genomics technologies have experienced the fastest NIH funding growth over the last five years?,2020-2025,11352441,Chromatin-Based Mechanisms Linking Transcriptional Dysregulation to Genome Instability in Neurodevelopmental Disorders.,116510,BROWN UNIVERSITY,,K99,https://reporter.nih.gov/project-details/11352441
NIH RePORTER,Which genomics technologies have experienced the fastest NIH funding growth over the last five years?,2020-2025,11373945,Development of a synthetic human centromere,240000,NORTHWESTERN UNIVERSITY,,R21,https://reporter.nih.gov/project-details/11373945
NIH RePORTER,Which genomics technologies have experienced the fastest NIH funding growth over the last five years?,2020-2025,11374005,Multi-modal Micro Electrode Fluidic Array (MEFA) Shells for Brain Organoids,427563,JOHNS HOPKINS UNIVERSITY,,R21,https://reporter.nih.gov/project-details/11374005
NIH RePORTER,Which genomics technologies have experienced the fastest NIH funding growth over the last five years?,2020-2025,11374605,Pathogenic mechanisms of expanded ZFHX3 in SCA4 cerebellar organoids,423500,UTAH STATE HIGHER EDUCATION SYSTEM--UNIVERSITY OF UTAH,,R21,https://reporter.nih.gov/project-details/11374605
NIH RePORTER,Which genomics technologies have experienced the fastest NIH funding growth over the last five years?,2020-2025,11405547,HIV-1 Matrix and Envelope Protein Interactions,708281,OREGON HEALTH & SCIENCE UNIVERSITY,,R01,https://reporter.nih.gov/project-details/11405547
NIH RePORTER,Which genomics technologies have experienced the fastest NIH funding growth over the last five years?,2020-2025,11239234,PopScreen: Implementing Population Genomic Screening in Primary Care,1008584,BRIGHAM AND WOMEN'S HOSPITAL,,U01,https://reporter.nih.gov/project-details/11239234
NIH RePORTER,Which genomics technologies have experienced the fastest NIH funding growth over the last five years?,2020-2025,11339693,"Borrelia burgdorferi genotypic diversity, pathogenesis, and host cellular responses",715313,UNIVERSITY OF PITTSBURGH AT PITTSBURGH,,R01,https://reporter.nih.gov/project-details/11339693
NIH RePORTER,Which genomics technologies have experienced the fastest NIH funding growth over the last five years?,2020-2025,11275420,BKCa Channel Contributions to Cerebellar Regulated TSC-Associated Neuropsychiatric Disorders,635505,UT SOUTHWESTERN MEDICAL CENTER,,R01,https://reporter.nih.gov/project-details/11275420
NIH RePORTER,Which genomics technologies have experienced the fastest NIH funding growth over the last five years?,2020-2025,11340291,Validating Causality of Disputed Mitochondrial Variants in Inborn Errors of Metabolism,722631,MEDICAL COLLEGE OF WISCONSIN,,R01,https://reporter.nih.gov/project-details/11340291
NIH RePORTER,Which genomics technologies have experienced the fastest NIH funding growth over the last five years?,2020-2025,11350106,Pathogenesis and Assessment of Activity in Celiac Disease (CeD),2334896,YALE UNIVERSITY,,P01,https://reporter.nih.gov/project-details/11350106
NIH RePORTER,Which genomics technologies have experienced the fastest NIH funding growth over the last five years?,2020-2025,11364842,Transcriptional control of activation induced deaminase (AID) function,751919,YALE UNIVERSITY,,R01,https://reporter.nih.gov/project-details/11364842
NIH RePORTER,Which genomics technologies have experienced the fastest NIH funding growth over the last five years?,2020-2025,11373134,I3-BC: Image-Based Infiltrating Immune Cell Detection and Outcomes in Breast Cancer Clinical Trials,394695,OHIO STATE UNIVERSITY,,R21,https://reporter.nih.gov/project-details/11373134
NIH RePORTER,Which genomics technologies have experienced the fastest NIH funding growth over the last five years?,2020-2025,11343020,Targeting the Molecular Crosstalk Between EZHIP and PRC2 in PFA Ependymoma,384065,UT SOUTHWESTERN MEDICAL CENTER,,R01,https://reporter.nih.gov/project-details/11343020
NIH RePORTER,Which genomics technologies have experienced the fastest NIH funding growth over the last five years?,2020-2025,11364366,Staphylococcus aureus metabolic requirements during skin colonization,739968,UNIVERSITY OF COLORADO DENVER,,R01,https://reporter.nih.gov/project-details/11364366
NIH RePORTER,Which genomics technologies have experienced the fastest NIH funding growth over the last five years?,2020-2025,11386240,Characterizing the role of endogenous nociceptin opioid release from the central amygdala in reward outcome encoding,50114,UNIVERSITY OF WASHINGTON,,F31,https://reporter.nih.gov/project-details/11386240
NIH RePORTER,Which genomics technologies have experienced the fastest NIH funding growth over the last five years?,2020-2025,11352142,Characterizing adipocyte heterogeneity in response to metabolic stress,123000,UNIVERSITY OF CHICAGO,,R03,https://reporter.nih.gov/project-details/11352142
NIH RePORTER,Which genomics technologies have experienced the fastest NIH funding growth over the last five years?,2020-2025,11368399,From B-cell decisions to antibody repertoires,744483,UNIVERSITY OF CALIFORNIA LOS ANGELES,,R01,https://reporter.nih.gov/project-details/11368399
NIH RePORTER,Which genomics technologies have experienced the fastest NIH funding growth over the last five years?,2020-2025,11279349,Dissecting the non-mutational mechanisms of benign-to-malignant transition in colon cancer,704182,COLD SPRING HARBOR LABORATORY,,R01,https://reporter.nih.gov/project-details/11279349
NIH RePORTER,Which genomics technologies have experienced the fastest NIH funding growth over the last five years?,2020-2025,11340619,Molecular Mechanisms of Delta-2 Receptor Dysfunction in Neurological Diseases,388646,JOHNS HOPKINS UNIVERSITY,,R01,https://reporter.nih.gov/project-details/11340619
NIH RePORTER,Which genomics technologies have experienced the fastest NIH funding growth over the last five years?,2020-2025,11361324,Deconstructing nuclear speckles contribution to muscle stem cell activation across lifespan,630434,UNIVERSITY OF MICHIGAN AT ANN ARBOR,,R01,https://reporter.nih.gov/project-details/11361324
NIH RePORTER,Which genomics technologies have experienced the fastest NIH funding growth over the last five years?,2020-2025,11367693,Immune Regulatory Functions of DOCK-STAT complexes,700957,BOSTON CHILDREN'S HOSPITAL,,R01,https://reporter.nih.gov/project-details/11367693
NIH RePORTER,Which genomics technologies have experienced the fastest NIH funding growth over the last five years?,2020-2025,11368160,Tregs: The force is strong in this one,3072554,UTAH STATE HIGHER EDUCATION SYSTEM--UNIVERSITY OF UTAH,,R01,https://reporter.nih.gov/project-details/11368160
NIH RePORTER,Which genomics technologies have experienced the fastest NIH funding growth over the last five years?,2020-2025,11349416,Drug repurposing for ALD: can gene families share therapies?,445500,HUGO W. MOSER RES INST KENNEDY KRIEGER,,R21,https://reporter.nih.gov/project-details/11349416
NIH RePORTER,Which genomics technologies have experienced the fastest NIH funding growth over the last five years?,2020-2025,11345970,AURKA/KAP1 signaling in breast cancer metastasis,443359,WEST VIRGINIA UNIVERSITY,,R01,https://reporter.nih.gov/project-details/11345970
NIH RePORTER,Which genomics technologies have experienced the fastest NIH funding growth over the last five years?,2020-2025,11355011,Defining T-cell Interactions and Targets in Drug Reaction with Eosinophilia and Systemic Symptoms Using Single-Cell and Spatial Profiling,262500,VANDERBILT UNIVERSITY MEDICAL CENTER,,R21,https://reporter.nih.gov/project-details/11355011
NIH RePORTER,Which genomics technologies have experienced the fastest NIH funding growth over the last five years?,2020-2025,11364749,Mechansim of  RING-between-RING  ubiquitin signaling  in DNA repair,482637,UNIVERSITY OF TEXAS HLTH SCIENCE CENTER,,R01,https://reporter.nih.gov/project-details/11364749
NIH RePORTER,Which genomics technologies have experienced the fastest NIH funding growth over the last five years?,2020-2025,11373883,Mechanism of Transposon Silencing in the Brain,415250,MEDICAL UNIVERSITY OF SOUTH CAROLINA,,R21,https://reporter.nih.gov/project-details/11373883
NIH RePORTER,Which genomics technologies have experienced the fastest NIH funding growth over the last five years?,2020-2025,11385265,Peroxisomal control of CD4+ T cell inflammatory responses,202500,CINCINNATI CHILDRENS HOSP MED CTR,,R21,https://reporter.nih.gov/project-details/11385265
NIH RePORTER,Which genomics technologies have experienced the fastest NIH funding growth over the last five years?,2020-2025,11109241,Chromatin Signaling Mechanisms in Metabolic Aging and Disease,542730,PALO ALTO VETERANS INSTIT FOR RESEARCH,,R01,https://reporter.nih.gov/project-details/11109241
NIH RePORTER,Which genomics technologies have experienced the fastest NIH funding growth over the last five years?,2020-2025,11264284,Cryopreserved Zebrafish Embryos as a Resource: Dissemination for Global Research Impact,731592,UNIVERSITY OF MINNESOTA,,R24,https://reporter.nih.gov/project-details/11264284
NIH RePORTER,Which genomics technologies have experienced the fastest NIH funding growth over the last five years?,2020-2025,11281780,Uncovering spinal circuits recruited by descending facilitation,129330,UNIVERSITY OF PITTSBURGH AT PITTSBURGH,,K99,https://reporter.nih.gov/project-details/11281780
NIH RePORTER,Which genomics technologies have experienced the fastest NIH funding growth over the last five years?,2020-2025,11295340,LNP-associated inflammation: Identifying the mechanisms and reengineering LNPs to be non-inflammatory,726531,UNIVERSITY OF PENNSYLVANIA,,R01,https://reporter.nih.gov/project-details/11295340
NIH RePORTER,Which genomics technologies have experienced the fastest NIH funding growth over the last five years?,2020-2025,11313701,A Fully Integrated Platform for Reproducible and Scalable Single-Cell Sequencing in Clinical Research,382798,"SANSIMEON, INC",,R44,https://reporter.nih.gov/project-details/11313701
NIH RePORTER,Which genomics technologies have experienced the fastest NIH funding growth over the last five years?,2020-2025,11320558,Employing the gut microbiome to accelerate effective initiation of rheumatoid arthritis therapy,713834,NEW YORK UNIVERSITY SCHOOL OF MEDICINE,,R01,https://reporter.nih.gov/project-details/11320558
NIH RePORTER,Which genomics technologies have experienced the fastest NIH funding growth over the last five years?,2020-2025,11345115,Metabolomic mechanisms contributing to prostate cancer risk across multiple populations,760396,FRED HUTCHINSON CANCER CENTER,,R01,https://reporter.nih.gov/project-details/11345115
ClinicalTrials.gov,Which genomics technologies have experienced the fastest NIH funding growth over the last five years?,2020-2025,NCT05142241,"Testing the Combination of Anti-Cancer Drugs Talazoparib and Temozolomide in Patients With Advanced Stage Rare Cancers, RARE 2 Trial",,,,ACTIVE_NOT_RECRUITING,https://clinicaltrials.gov/study/NCT05142241
ClinicalTrials.gov,Which genomics technologies have experienced the fastest NIH funding growth over the last five years?,2020-2025,NCT04746794,Early Detection of GEnetic Risk (EDGE),,,,COMPLETED,https://clinicaltrials.gov/study/NCT04746794
ClinicalTrials.gov,Which genomics technologies have experienced the fastest NIH funding growth over the last five years?,2020-2025,NCT00221702,PegIntron Versus IntronA in CMAJCC Stage II (EADO 2001/CMII Trial),,,,COMPLETED,https://clinicaltrials.gov/study/NCT00221702
ClinicalTrials.gov,Which genomics technologies have experienced the fastest NIH funding growth over the last five years?,2020-2025,NCT07147101,Different First-line Immunotherapy for Advancer Hepatocellular Carcinoma: A Prospective Observational Study on Efficacy and Immune Microenvironment,,,,RECRUITING,https://clinicaltrials.gov/study/NCT07147101
ClinicalTrials.gov,Which genomics technologies have experienced the fastest NIH funding growth over the last five years?,2020-2025,NCT06437119,The Antagonistic Effect of Composite Polyphenols on Health Damage Caused by Environmental Pollutants,,,,COMPLETED,https://clinicaltrials.gov/study/NCT06437119
ClinicalTrials.gov,Which genomics technologies have experienced the fastest NIH funding growth over the last five years?,2020-2025,NCT05906407,COGNITION: Genomics-Guided Precision Oncology in Early High-Risk Breast Cancer,,,,RECRUITING,https://clinicaltrials.gov/study/NCT05906407
ClinicalTrials.gov,Which genomics technologies have experienced the fastest NIH funding growth over the last five years?,2020-2025,NCT04145141,National Translational Science Network of Precision-based Immunotherapy for Primary Liver Cancer,,,,ACTIVE_NOT_RECRUITING,https://clinicaltrials.gov/study/NCT04145141
ClinicalTrials.gov,Which genomics technologies have experienced the fastest NIH funding growth over the last five years?,2020-2025,NCT02554539,Transciptomic Modification Induced by miRNAs in Endometrial Fluid,,,,COMPLETED,https://clinicaltrials.gov/study/NCT02554539
ClinicalTrials.gov,Which genomics technologies have experienced the fastest NIH funding growth over the last five years?,2020-2025,NCT06549712,The Fondazione Genomic SARS-CoV-2 Study COVID-19,,,,COMPLETED,https://clinicaltrials.gov/study/NCT06549712
ClinicalTrials.gov,Which genomics technologies have experienced the fastest NIH funding growth over the last five years?,2020-2025,NCT05343312,"In Vivo Efficacy of Artemether-Lumefantrine, Amodiaquine-Artesunate, Dihydroartemisinin-Piperaquine, and Pironaridine-Artesunate in Mozambique",,,,COMPLETED,https://clinicaltrials.gov/study/NCT05343312
ClinicalTrials.gov,Which genomics technologies have experienced the fastest NIH funding growth over the last five years?,2020-2025,NCT04278300,Study of the Discriminating Power of a Blood Biomarker for Omega-3 Polyunsaturated Fatty Acid Content of the Retina for Age-related Macular Degeneration (AMD),,,,COMPLETED,https://clinicaltrials.gov/study/NCT04278300
ClinicalTrials.gov,Which genomics technologies have experienced the fastest NIH funding growth over the last five years?,2020-2025,NCT03082534,Pembrolizumab Combined With Cetuximab for Treatment of Recurrent/Metastatic Head & Neck Squamous Cell Carcinoma,,,,COMPLETED,https://clinicaltrials.gov/study/NCT03082534
ClinicalTrials.gov,Which genomics technologies have experienced the fastest NIH funding growth over the last five years?,2020-2025,NCT07126821,A Vision-Language Foundation Model for Brain Disease Diagnosis From Multimodal Data,,,,RECRUITING,https://clinicaltrials.gov/study/NCT07126821
ClinicalTrials.gov,Which genomics technologies have experienced the fastest NIH funding growth over the last five years?,2020-2025,NCT05172414,A Novel Fecal Sample Collection Method for Metagenomic Analyses,,,,COMPLETED,https://clinicaltrials.gov/study/NCT05172414
ClinicalTrials.gov,Which genomics technologies have experienced the fastest NIH funding growth over the last five years?,2020-2025,NCT04561284,Carbohydrate-induced Resilience of the Gut Microbiome After Antibiotics Use,,,,COMPLETED,https://clinicaltrials.gov/study/NCT04561284
ClinicalTrials.gov,Which genomics technologies have experienced the fastest NIH funding growth over the last five years?,2020-2025,NCT03067584,Genetic Study of Familial Acute Lymphoblastic Leukemia,,,,COMPLETED,https://clinicaltrials.gov/study/NCT03067584
ClinicalTrials.gov,Which genomics technologies have experienced the fastest NIH funding growth over the last five years?,2020-2025,NCT03519412,Pembrolizumab in MMR-Proficient Metastatic Colorectal Cancer Pharmacologically Primed to Trigger Hypermutation Status,,,,COMPLETED,https://clinicaltrials.gov/study/NCT03519412
ClinicalTrials.gov,Which genomics technologies have experienced the fastest NIH funding growth over the last five years?,2020-2025,NCT07053436,Horizon Two: HR NDMM (MMRC-100),,,,RECRUITING,https://clinicaltrials.gov/study/NCT07053436
ClinicalTrials.gov,Which genomics technologies have experienced the fastest NIH funding growth over the last five years?,2020-2025,NCT05673811,Study of Nab-Paclitaxel and Gemcitabine and Plus/Minus VCN-01 in Patients With Metastatic Pancreatic Cancer,,,,COMPLETED,https://clinicaltrials.gov/study/NCT05673811
ClinicalTrials.gov,Which genomics technologies have experienced the fastest NIH funding growth over the last five years?,2020-2025,NCT04608409,Dose Escalation of Lapatinib With Paclitaxel in Ovarian Cancer,,,,COMPLETED,https://clinicaltrials.gov/study/NCT04608409
ClinicalTrials.gov,Which genomics technologies have experienced the fastest NIH funding growth over the last five years?,2020-2025,NCT02944032,Efficacy of Computerized Cognitive Training and Stimulant Medication in Neurofibromatosis Type 1,,,,COMPLETED,https://clinicaltrials.gov/study/NCT02944032
ClinicalTrials.gov,Which genomics technologies have experienced the fastest NIH funding growth over the last five years?,2020-2025,NCT00672087,Diagnostic Challenges in IC (and Male CPPS),,,,COMPLETED,https://clinicaltrials.gov/study/NCT00672087
ClinicalTrials.gov,Which genomics technologies have experienced the fastest NIH funding growth over the last five years?,2020-2025,NCT01407432,Impact of Folates in the Care of the Male Infertility,,,,COMPLETED,https://clinicaltrials.gov/study/NCT01407432
ClinicalTrials.gov,Which genomics technologies have experienced the fastest NIH funding growth over the last five years?,2020-2025,NCT05460221,Antihypertensive and Cardioprotective Evaluation of a Functional Olive Oil,,,,COMPLETED,https://clinicaltrials.gov/study/NCT05460221
ClinicalTrials.gov,Which genomics technologies have experienced the fastest NIH funding growth over the last five years?,2020-2025,NCT04873492,From Genetics to Transcriptomics to Unravel the Mechanisms Behind a Poor Outcome in Multiple Sclerosis,,,,RECRUITING,https://clinicaltrials.gov/study/NCT04873492
ClinicalTrials.gov,Which genomics technologies have experienced the fastest NIH funding growth over the last five years?,2020-2025,NCT03690999,The RAMP Study - Rejuvenation of the Aging Microbiota With Prebiotics,,,,COMPLETED,https://clinicaltrials.gov/study/NCT03690999
ClinicalTrials.gov,Which genomics technologies have experienced the fastest NIH funding growth over the last five years?,2020-2025,NCT00687414,Evaluation of Formin Gene Status and Expression in Myeloproliferative and Myelodysplastic Disorders,,,,COMPLETED,https://clinicaltrials.gov/study/NCT00687414
ClinicalTrials.gov,Which genomics technologies have experienced the fastest NIH funding growth over the last five years?,2020-2025,NCT05780606,Single-cell Transcriptome Identification of UV- and Visible-light-induced Genes in Human Melanocytes in Vivo,,,,COMPLETED,https://clinicaltrials.gov/study/NCT05780606
ClinicalTrials.gov,Which genomics technologies have experienced the fastest NIH funding growth over the last five years?,2020-2025,NCT04912752,Copy Number Variation in CHRNA7 Gene in Migraine and Gene Expression,,,,COMPLETED,https://clinicaltrials.gov/study/NCT04912752
ClinicalTrials.gov,Which genomics technologies have experienced the fastest NIH funding growth over the last five years?,2020-2025,NCT03190811,Anti-PD-1 Alone or Combined With Autologous DC-CIK Cell Therapy in Advanced Solid Tumors,,,,COMPLETED,https://clinicaltrials.gov/study/NCT03190811
ClinicalTrials.gov,Which genomics technologies have experienced the fastest NIH funding growth over the last five years?,2020-2025,NCT05558644,Characterisation of the Immune Infiltrate and Molecular Features of Thymic Epithelial Tumors Tumors (TETs) (IMMUNO-TET),,,,RECRUITING,https://clinicaltrials.gov/study/NCT05558644
ClinicalTrials.gov,Which genomics technologies have experienced the fastest NIH funding growth over the last five years?,2020-2025,NCT06163534,A Longitudinal Multi-Omic Biomarker Profiling Study of Patients With Head & Neck Squamous Cell Carcinoma (HNSCC),,,,RECRUITING,https://clinicaltrials.gov/study/NCT06163534
ClinicalTrials.gov,Which genomics technologies have experienced the fastest NIH funding growth over the last five years?,2020-2025,NCT04062344,Acquisition of Resistant Enterobacteria During Oral Drug Challenge for Betalactams in Children,,,,COMPLETED,https://clinicaltrials.gov/study/NCT04062344
ClinicalTrials.gov,Which genomics technologies have experienced the fastest NIH funding growth over the last five years?,2020-2025,NCT07469709,"A Study of Biological, Genetic, and Constitutional Factors and Non-invasive Monitoring to Assess Personal Cancer Risks",,,,RECRUITING,https://clinicaltrials.gov/study/NCT07469709
ClinicalTrials.gov,Which genomics technologies have experienced the fastest NIH funding growth over the last five years?,2020-2025,NCT01646021,"Study of Ibrutinib (a Bruton's Tyrosine Kinase Inhibitor), Versus Temsirolimus in Patients With Relapsed or Refractory Mantle Cell Lymphoma Who Have Received at Least One Prior Therapy",,,,COMPLETED,https://clinicaltrials.gov/study/NCT01646021
ClinicalTrials.gov,Which genomics technologies have experienced the fastest NIH funding growth over the last five years?,2020-2025,NCT06505330,Respiratory Tract Microbiome and Probiotics in Children With Cleft Palate,,,,RECRUITING,https://clinicaltrials.gov/study/NCT06505330
ClinicalTrials.gov,Which genomics technologies have experienced the fastest NIH funding growth over the last five years?,2020-2025,NCT07378592,Driving Simulator Training For Adults With Acquired Brain Injuries,,,,RECRUITING,https://clinicaltrials.gov/study/NCT07378592
ClinicalTrials.gov,Which genomics technologies have experienced the fastest NIH funding growth over the last five years?,2020-2025,NCT06055036,Black Impact: The Mechanisms Underlying Psychosocial Stress Reduction in a Cardiovascular Health Intervention,,,,RECRUITING,https://clinicaltrials.gov/study/NCT06055036
ClinicalTrials.gov,Which genomics technologies have experienced the fastest NIH funding growth over the last five years?,2020-2025,NCT02809716,High Definition Single Cell Analysis in Colorectal Cancer,,,,COMPLETED,https://clinicaltrials.gov/study/NCT02809716
ClinicalTrials.gov,Which genomics technologies have experienced the fastest NIH funding growth over the last five years?,2020-2025,NCT06831292,The Effects of Diet on Small Non-coding RNA i Sperm Cells and the Possible Effects on Reproductive Success: Diet Intervention Effects on Sperm,,,,RECRUITING,https://clinicaltrials.gov/study/NCT06831292
ClinicalTrials.gov,Which genomics technologies have experienced the fastest NIH funding growth over the last five years?,2020-2025,NCT06669663,Hypoxia Driven Metabolic Response in Oesophagogastric Adenocarcinoma,,,,RECRUITING,https://clinicaltrials.gov/study/NCT06669663
ClinicalTrials.gov,Which genomics technologies have experienced the fastest NIH funding growth over the last five years?,2020-2025,NCT00255463,Phase II Neoadjuvant ER+/PgR + Arimidex +/- Iressa Study,,,,COMPLETED,https://clinicaltrials.gov/study/NCT00255463
ClinicalTrials.gov,Which genomics technologies have experienced the fastest NIH funding growth over the last five years?,2020-2025,NCT07255716,Postoperative Infections and Immune Profiles in Patients Undergoing LVAD Implantation,,,,ACTIVE_NOT_RECRUITING,https://clinicaltrials.gov/study/NCT07255716
ClinicalTrials.gov,Which genomics technologies have experienced the fastest NIH funding growth over the last five years?,2020-2025,NCT06140537,Efficacy and Mechanisms of Dapagliflozin in Promoting Kidney Function and Cardiovascular Health in Kidney Transplant Recipients,,,,RECRUITING,https://clinicaltrials.gov/study/NCT06140537
ClinicalTrials.gov,Which genomics technologies have experienced the fastest NIH funding growth over the last five years?,2020-2025,NCT01289067,"Utilizing A Genomic Sig for ""BRCAness"" to Eval the Efficacy of Satraplatin in Men With Met. Castration Resistant Prostate Ca",,,,COMPLETED,https://clinicaltrials.gov/study/NCT01289067
ClinicalTrials.gov,Which genomics technologies have experienced the fastest NIH funding growth over the last five years?,2020-2025,NCT00371566,A Study Of Lapatinib Versus Placebo Followed By Chemoradiation In Patients With Locally Advanced Head And Neck Cancer,,,,COMPLETED,https://clinicaltrials.gov/study/NCT00371566
ClinicalTrials.gov,Which genomics technologies have experienced the fastest NIH funding growth over the last five years?,2020-2025,NCT00195637,Intravenous Immune Globulin to Treat Hereditary Inclusion Body Myopathy,,,,COMPLETED,https://clinicaltrials.gov/study/NCT00195637
ClinicalTrials.gov,Which genomics technologies have experienced the fastest NIH funding growth over the last five years?,2020-2025,NCT06895772,Microbial Community Characteristics in Intestinal Mucosal Tissue of Patients With CD,,,,ACTIVE_NOT_RECRUITING,https://clinicaltrials.gov/study/NCT06895772
ClinicalTrials.gov,Which genomics technologies have experienced the fastest NIH funding growth over the last five years?,2020-2025,NCT07486557,"Cistanche Deserticola Extract Combined With Aerobic Exercise Improves Body Composition, Insulin Resistance and Inflammation in Men With Central Obesity",,,,COMPLETED,https://clinicaltrials.gov/study/NCT07486557
ClinicalTrials.gov,Which genomics technologies have experienced the fastest NIH funding growth over the last five years?,2020-2025,NCT07374705,Disentangling the Effect of Brain Insulin Resistance on Brain Health,,,,RECRUITING,https://clinicaltrials.gov/study/NCT07374705
ClinicalTrials.gov,Which genomics technologies have experienced the fastest NIH funding growth over the last five years?,2020-2025,NCT05661305,Aswan Heart Centre - Egyptian Healthy Volunteers,,,,RECRUITING,https://clinicaltrials.gov/study/NCT05661305
ClinicalTrials.gov,Which genomics technologies have experienced the fastest NIH funding growth over the last five years?,2020-2025,NCT06753422,"Kefir, Gut Microbiota, and Athletic Performance in Soccer Players",,,,COMPLETED,https://clinicaltrials.gov/study/NCT06753422
ClinicalTrials.gov,Which genomics technologies have experienced the fastest NIH funding growth over the last five years?,2020-2025,NCT02997995,Durvalumab and Endocrine Therapy in ER+/Her2- Breast Cancer After CD8+ Infiltration Effective Immune-Attractant Exposure,,,,COMPLETED,https://clinicaltrials.gov/study/NCT02997995
ClinicalTrials.gov,Which genomics technologies have experienced the fastest NIH funding growth over the last five years?,2020-2025,NCT07364357,A Phase I Study of CREPT-618 in Locally Advanced HCC,,,,RECRUITING,https://clinicaltrials.gov/study/NCT07364357
ClinicalTrials.gov,Which genomics technologies have experienced the fastest NIH funding growth over the last five years?,2020-2025,NCT02947607,Investigation of the Role of the Microbiome in the Pathogenesis of Colorectal Adenoma and Carcinoma,,,,COMPLETED,https://clinicaltrials.gov/study/NCT02947607
ClinicalTrials.gov,Which genomics technologies have experienced the fastest NIH funding growth over the last five years?,2020-2025,NCT07116200,Effectiveness of an Early Reading Intervention for Young Children With Intellectual Disabilities Who Need or Use Augmentative and Alternative Communication,,,,ACTIVE_NOT_RECRUITING,https://clinicaltrials.gov/study/NCT07116200
ClinicalTrials.gov,Which genomics technologies have experienced the fastest NIH funding growth over the last five years?,2020-2025,NCT01622894,Genetics of Mendelian Forms of Young Onset Alzheimer Disease,,,,COMPLETED,https://clinicaltrials.gov/study/NCT01622894
ClinicalTrials.gov,Which genomics technologies have experienced the fastest NIH funding growth over the last five years?,2020-2025,NCT05062629,United States Hypophosphatasia Molecular Research Center,,,,COMPLETED,https://clinicaltrials.gov/study/NCT05062629
ClinicalTrials.gov,Which genomics technologies have experienced the fastest NIH funding growth over the last five years?,2020-2025,NCT03943537,Effects of Intranasal Insulin on Neuroimaging Markers and Cognition in Patients With Psychotic Disorders,,,,COMPLETED,https://clinicaltrials.gov/study/NCT03943537
ClinicalTrials.gov,Which genomics technologies have experienced the fastest NIH funding growth over the last five years?,2020-2025,NCT05750719,BRCA and NACT in TNBC Patients,,,,COMPLETED,https://clinicaltrials.gov/study/NCT05750719
ClinicalTrials.gov,Which genomics technologies have experienced the fastest NIH funding growth over the last five years?,2020-2025,NCT03465683,Transmission of ESBL-producing Enterobacteriaceae,,,,RECRUITING,https://clinicaltrials.gov/study/NCT03465683
ClinicalTrials.gov,Which genomics technologies have experienced the fastest NIH funding growth over the last five years?,2020-2025,NCT05589766,N-DOSE: A Dose Optimization Trial of Nicotinamide Riboside in Parkinson's Disease,,,,COMPLETED,https://clinicaltrials.gov/study/NCT05589766
ClinicalTrials.gov,Which genomics technologies have experienced the fastest NIH funding growth over the last five years?,2020-2025,NCT07555431,Dolutegravir Versus Dolutegravir in Combination With Tenofovir for the Treatment of HTLV-1 Infection,,,,RECRUITING,https://clinicaltrials.gov/study/NCT07555431
ClinicalTrials.gov,Which genomics technologies have experienced the fastest NIH funding growth over the last five years?,2020-2025,NCT05481502,An Exploratory Study to Evaluate Immune Determinants of the Response to Adoptive Cell Therapy (ACT) in Solid and Hematologic Tumors,,,,RECRUITING,https://clinicaltrials.gov/study/NCT05481502
ClinicalTrials.gov,Which genomics technologies have experienced the fastest NIH funding growth over the last five years?,2020-2025,NCT00611702,Genomics of Chronic Renal Allograft Rejection (The GoCAR Study),,,,COMPLETED,https://clinicaltrials.gov/study/NCT00611702
ClinicalTrials.gov,Which genomics technologies have experienced the fastest NIH funding growth over the last five years?,2020-2025,NCT04920539,In Vivo Study of THC-induced Immune-genome Changes at Single Cell Solution in HIV-infected Humans,,,,COMPLETED,https://clinicaltrials.gov/study/NCT04920539
ClinicalTrials.gov,Which genomics technologies have experienced the fastest NIH funding growth over the last five years?,2020-2025,NCT00681577,Histocompatibility Leukocyte Antigen (HLA)-A*2402 Restricted Peptide Vaccine Therapy in Patients With Gastric Cancer,,,,COMPLETED,https://clinicaltrials.gov/study/NCT00681577
ClinicalTrials.gov,Which genomics technologies have experienced the fastest NIH funding growth over the last five years?,2020-2025,NCT03374475,A Study to Investigate the Antidepressant Mechanism-of-action of JNJ-42847922 in Participants With Major Depressive Disorder,,,,COMPLETED,https://clinicaltrials.gov/study/NCT03374475
ClinicalTrials.gov,Which genomics technologies have experienced the fastest NIH funding growth over the last five years?,2020-2025,NCT07418775,"Tumor Genomics, Individual Risk Factors, and External Drivers of Health on Health Outcomes for Patients With Meningioma",,,,RECRUITING,https://clinicaltrials.gov/study/NCT07418775
ClinicalTrials.gov,Which genomics technologies have experienced the fastest NIH funding growth over the last five years?,2020-2025,NCT00759200,Safety and Efficacy of Albumin Interferon Administered Every 4 Weeks in Genotype 2/3 Hepatitis C Patients,,,,COMPLETED,https://clinicaltrials.gov/study/NCT00759200
ClinicalTrials.gov,Which genomics technologies have experienced the fastest NIH funding growth over the last five years?,2020-2025,NCT06897800,"Vaginal Microbiota and Its Association with Pap Smear Results, Human Papillomavirus, Vitamins, and Metabolic Mark",,,,COMPLETED,https://clinicaltrials.gov/study/NCT06897800
ClinicalTrials.gov,Which genomics technologies have experienced the fastest NIH funding growth over the last five years?,2020-2025,NCT06807307,Transcriptional Framework for the Molecular Diagnosis of Response to Immunotherapy in Lung Cancer With Agnostic Potential,,,,RECRUITING,https://clinicaltrials.gov/study/NCT06807307
ClinicalTrials.gov,Which genomics technologies have experienced the fastest NIH funding growth over the last five years?,2020-2025,NCT06008392,"INTERogating Cancer for Etiology, Prevention and Therapy Navigation",,,,RECRUITING,https://clinicaltrials.gov/study/NCT06008392
ClinicalTrials.gov,Which genomics technologies have experienced the fastest NIH funding growth over the last five years?,2020-2025,NCT02597270,"An Observational/Non-interventional, Study of NS3/4a Protease and NS5A Protein of Hepatitis C Virus in Brazilian Participants With Chronic HCV Infection",,,,COMPLETED,https://clinicaltrials.gov/study/NCT02597270
ClinicalTrials.gov,Which genomics technologies have experienced the fastest NIH funding growth over the last five years?,2020-2025,NCT06289283,Microbiota in Urine and Urothelium Can be a Factor for Induction of Urinary Bladder Cancer. The Study Will Examine Urine and Bladder Cancer Tissues From Male Patients and Urine of Controls Using Whole,,,,ACTIVE_NOT_RECRUITING,https://clinicaltrials.gov/study/NCT06289283
ClinicalTrials.gov,Which genomics technologies have experienced the fastest NIH funding growth over the last five years?,2020-2025,NCT06373822,New Perspectives in Adenomyosis Pathogenesis With Epigenetic Analysis and miRNAs,,,,RECRUITING,https://clinicaltrials.gov/study/NCT06373822
ClinicalTrials.gov,Which genomics technologies have experienced the fastest NIH funding growth over the last five years?,2020-2025,NCT04585477,Adjuvant ctDNA-Adapted Personalized Treatment in Early Stage NSCLC (ADAPT-E),,,,RECRUITING,https://clinicaltrials.gov/study/NCT04585477
ClinicalTrials.gov,Which genomics technologies have experienced the fastest NIH funding growth over the last five years?,2020-2025,NCT03425201,Niraparib in Combination with Cabozantinib (XL184) in Patients with Advanced Urothelial Cancer (NICARAGUA),,,,COMPLETED,https://clinicaltrials.gov/study/NCT03425201
ClinicalTrials.gov,Which genomics technologies have experienced the fastest NIH funding growth over the last five years?,2020-2025,NCT04336228,The Role of Serotonin in Compulsive Behavior in Humans: Underlying Brain Mechanisms,,,,ACTIVE_NOT_RECRUITING,https://clinicaltrials.gov/study/NCT04336228
ClinicalTrials.gov,Which genomics technologies have experienced the fastest NIH funding growth over the last five years?,2020-2025,NCT04946773,Deep Liver Phenotyping and Immunology Study,,,,RECRUITING,https://clinicaltrials.gov/study/NCT04946773
ClinicalTrials.gov,Which genomics technologies have experienced the fastest NIH funding growth over the last five years?,2020-2025,NCT05652569,CATCH: Implementation of Genomics-guided Precision Medicine in Metastatic Breast Cancer,,,,RECRUITING,https://clinicaltrials.gov/study/NCT05652569
ClinicalTrials.gov,Which genomics technologies have experienced the fastest NIH funding growth over the last five years?,2020-2025,NCT03896737,"Daratumumab-bortezomib-dexamethasone (Dara-VCd) vs Bortezomib-Thalidomide-Dexamethasone (VTd), Then Maintenance With Ixazomib (IXA) or IXA-Dara",,,,ACTIVE_NOT_RECRUITING,https://clinicaltrials.gov/study/NCT03896737
ClinicalTrials.gov,Which genomics technologies have experienced the fastest NIH funding growth over the last five years?,2020-2025,NCT01108445,Phase II Study of Afinitor vs. Sutent in Patients With Metastatic Non-Clear Cell Renal Cell Carcinoma,,,,COMPLETED,https://clinicaltrials.gov/study/NCT01108445
ClinicalTrials.gov,Which genomics technologies have experienced the fastest NIH funding growth over the last five years?,2020-2025,NCT04882475,Biological Insights of First Relapsed-refractory Patients With Mantle Cell Lymphoma: the MANTLE-FIRST BIO Study.,,,,ACTIVE_NOT_RECRUITING,https://clinicaltrials.gov/study/NCT04882475
ClinicalTrials.gov,Which genomics technologies have experienced the fastest NIH funding growth over the last five years?,2020-2025,NCT05793281,An Observational Study to Learn More About NTRK Gene Fusion Positive in Solid Tumor in Japan,,,,COMPLETED,https://clinicaltrials.gov/study/NCT05793281
ClinicalTrials.gov,Which genomics technologies have experienced the fastest NIH funding growth over the last five years?,2020-2025,NCT07216781,Safety and Efficacy of Injectable Klotho Plasmid Gene Therapy in Humans,,,,RECRUITING,https://clinicaltrials.gov/study/NCT07216781
ClinicalTrials.gov,Which genomics technologies have experienced the fastest NIH funding growth over the last five years?,2020-2025,NCT06509919,Application of a Novel Biomarker Based on Plasma cfDNA Assay in the Early Diagnosis of Prostate Cancer,,,,RECRUITING,https://clinicaltrials.gov/study/NCT06509919
ClinicalTrials.gov,Which genomics technologies have experienced the fastest NIH funding growth over the last five years?,2020-2025,NCT03989219,Methylation of cfDNA in Diagnosing and Monitoring Pulmonary Nodule,,,,COMPLETED,https://clinicaltrials.gov/study/NCT03989219
ClinicalTrials.gov,Which genomics technologies have experienced the fastest NIH funding growth over the last five years?,2020-2025,NCT04981119,Solid Tumor Analysis for HLA Loss of Heterozygosity (LOH) and Apheresis for CAR T- Cell Manufacturing,,,,RECRUITING,https://clinicaltrials.gov/study/NCT04981119
ClinicalTrials.gov,Which genomics technologies have experienced the fastest NIH funding growth over the last five years?,2020-2025,NCT06057181,Helix Research Network,,,,RECRUITING,https://clinicaltrials.gov/study/NCT06057181
ClinicalTrials.gov,Which genomics technologies have experienced the fastest NIH funding growth over the last five years?,2020-2025,NCT06595719,Multi-Strain Probiotics Supplementation With Standard Care in Mild to Moderate Ulcerative Colitis,,,,RECRUITING,https://clinicaltrials.gov/study/NCT06595719
ClinicalTrials.gov,Which genomics technologies have experienced the fastest NIH funding growth over the last five years?,2020-2025,NCT06256705,Multi-modal Characterisation of Gastroenteropancreatic Neuroendocrine Tumours (GEP-NETs) Treated With Targeted Radionuclide Therapy (TRT): Prospective Interventional Multicentre National Cohort,,,,RECRUITING,https://clinicaltrials.gov/study/NCT06256705
ClinicalTrials.gov,Which genomics technologies have experienced the fastest NIH funding growth over the last five years?,2020-2025,NCT07407894,iVS-1 Probiotic Intervention Targeting Biological Aging in Midlife Adults,,,,RECRUITING,https://clinicaltrials.gov/study/NCT07407894
ClinicalTrials.gov,Which genomics technologies have experienced the fastest NIH funding growth over the last five years?,2020-2025,NCT01597622,"BEL114333, a Continuation Study of BEL113750 in Subjects With Systemic Lupus Erythematosus (SLE) in Northeast Asia, and in Japan Subjects Completing the Open-label Extension of HGS1006-C1115",,,,COMPLETED,https://clinicaltrials.gov/study/NCT01597622
ClinicalTrials.gov,Which genomics technologies have experienced the fastest NIH funding growth over the last five years?,2020-2025,NCT05232331,Intake of Nitrate-rich Vegetables and Their Effect on Inflammatory Molecules and Oral Microbiota of Patients With Periodontitis,,,,RECRUITING,https://clinicaltrials.gov/study/NCT05232331
ClinicalTrials.gov,Which genomics technologies have experienced the fastest NIH funding growth over the last five years?,2020-2025,NCT00096772,Collection of Blood Samples From HIV Infected People,,,,COMPLETED,https://clinicaltrials.gov/study/NCT00096772
ClinicalTrials.gov,Which genomics technologies have experienced the fastest NIH funding growth over the last five years?,2020-2025,NCT03087357,VAlidation of a Lower Cost aneUploidy scrEen,,,,COMPLETED,https://clinicaltrials.gov/study/NCT03087357
ClinicalTrials.gov,Which genomics technologies have experienced the fastest NIH funding growth over the last five years?,2020-2025,NCT04901351,Multi-site HPV Screening by High-throughput Sequencing in Patients With Chronic HPV-HR Infection Followed by Gynecology,,,,RECRUITING,https://clinicaltrials.gov/study/NCT04901351
ClinicalTrials.gov,Which genomics technologies have experienced the fastest NIH funding growth over the last five years?,2020-2025,NCT03940729,PWID; Longitudinal S Aureus Colonization Pattern and the Impact on Infection Frequency by Regular Showers With Chlorhexidine,,,,COMPLETED,https://clinicaltrials.gov/study/NCT03940729
ClinicalTrials.gov,Which genomics technologies have experienced the fastest NIH funding growth over the last five years?,2020-2025,NCT02025595,Obesity and Brain: Genes and Environment,,,,COMPLETED,https://clinicaltrials.gov/study/NCT02025595
PubMed,Which genomics technologies have experienced the fastest NIH funding growth over the last five years?,2020,32579974,Multimodal Analysis of Composition and Spatial Architecture in Human Squamous Cell Carcinoma.,,Cell,,,https://pubmed.ncbi.nlm.nih.gov/32579974/
PubMed,Which genomics technologies have experienced the fastest NIH funding growth over the last five years?,2022,35290801,Spatial CRISPR genomics identifies regulators of the tumor microenvironment.,,Cell,,,https://pubmed.ncbi.nlm.nih.gov/35290801/
PubMed,Which genomics technologies have experienced the fastest NIH funding growth over the last five years?,2020,31919360,Genome-wide CRISPR screen identifies host dependency factors for influenza A virus infection.,,Nat Commun,,,https://pubmed.ncbi.nlm.nih.gov/31919360/
PubMed,Which genomics technologies have experienced the fastest NIH funding growth over the last five years?,2021,33147444,Genome-wide CRISPR Screens Reveal Host Factors Critical for SARS-CoV-2 Infection.,,Cell,,,https://pubmed.ncbi.nlm.nih.gov/33147444/
PubMed,Which genomics technologies have experienced the fastest NIH funding growth over the last five years?,2025,39530225,The evolution of dbSNP: 25 years of impact in genomic research.,,Nucleic Acids Res,,,https://pubmed.ncbi.nlm.nih.gov/39530225/
PubMed,Which genomics technologies have experienced the fastest NIH funding growth over the last five years?,2021,33147445,Identification of Required Host Factors for SARS-CoV-2 Infection in Human Cells.,,Cell,,,https://pubmed.ncbi.nlm.nih.gov/33147445/
PubMed,Which genomics technologies have experienced the fastest NIH funding growth over the last five years?,2023,37141313,Discovery of target genes and pathways at GWAS loci by pooled single-cell CRISPR screens.,,Science,,,https://pubmed.ncbi.nlm.nih.gov/37141313/
PubMed,Which genomics technologies have experienced the fastest NIH funding growth over the last five years?,2020,32054768,Adipocyte-Induced FABP4 Expression in Ovarian Cancer Cells Promotes Metastasis and Mediates Carboplatin Resistance.,,Cancer Res,,,https://pubmed.ncbi.nlm.nih.gov/32054768/
PubMed,Which genomics technologies have experienced the fastest NIH funding growth over the last five years?,2021,34608238,"Comparative genome-wide analysis of WRKY, MADS-box and MYB transcription factor families in Arabidopsis and rice.",,Sci Rep,,,https://pubmed.ncbi.nlm.nih.gov/34608238/
PubMed,Which genomics technologies have experienced the fastest NIH funding growth over the last five years?,2025,40653482,Multi-omics analysis for identifying cell-type-specific and bulk-level druggable targets in Alzheimer's disease.,,J Transl Med,,,https://pubmed.ncbi.nlm.nih.gov/40653482/
PubMed,Which genomics technologies have experienced the fastest NIH funding growth over the last five years?,2021,33382968,Genome-Scale Identification of SARS-CoV-2 and Pan-coronavirus Host Factor Networks.,,Cell,,,https://pubmed.ncbi.nlm.nih.gov/33382968/
PubMed,Which genomics technologies have experienced the fastest NIH funding growth over the last five years?,2024,39468045,Integrative 3D genomics with multi-omics analysis and functional validation of genetic regulatory mechanisms of abdominal fat deposition in chickens.,,Nat Commun,,,https://pubmed.ncbi.nlm.nih.gov/39468045/
PubMed,Which genomics technologies have experienced the fastest NIH funding growth over the last five years?,2024,39617755,Ultrasound Control of Genomic Regulatory Toolboxes for Cancer Immunotherapy.,,Nat Commun,,,https://pubmed.ncbi.nlm.nih.gov/39617755/
PubMed,Which genomics technologies have experienced the fastest NIH funding growth over the last five years?,2021,34083435,A catalog of tens of thousands of viruses from human metagenomes reveals hidden associations with chronic diseases.,,Proc Natl Acad Sci U S A,,,https://pubmed.ncbi.nlm.nih.gov/34083435/
PubMed,Which genomics technologies have experienced the fastest NIH funding growth over the last five years?,2024,39000456,Functional Genomics in Psoriasis.,,Int J Mol Sci,,,https://pubmed.ncbi.nlm.nih.gov/39000456/
PubMed,Which genomics technologies have experienced the fastest NIH funding growth over the last five years?,2025,40506539,Linking regulatory variants to target genes by integrating single-cell multiome methods and genomic distance.,,Nat Genet,,,https://pubmed.ncbi.nlm.nih.gov/40506539/
PubMed,Which genomics technologies have experienced the fastest NIH funding growth over the last five years?,2023,37237081,Genome-scale functional genomics identify genes preferentially essential for multiple myeloma cells compared to other neoplasias.,,Nat Cancer,,,https://pubmed.ncbi.nlm.nih.gov/37237081/
PubMed,Which genomics technologies have experienced the fastest NIH funding growth over the last five years?,2025,41231980,Metagenomic editing of commensal bacteria in vivo using CRISPR-associated transposases.,,Science,,,https://pubmed.ncbi.nlm.nih.gov/41231980/
PubMed,Which genomics technologies have experienced the fastest NIH funding growth over the last five years?,2024,39085047,The rise and future of CRISPR-based approaches for high-throughput genomics.,,FEMS Microbiol Rev,,,https://pubmed.ncbi.nlm.nih.gov/39085047/
PubMed,Which genomics technologies have experienced the fastest NIH funding growth over the last five years?,2023,36928506,Analyzing CRISPR screens in non-conventional microbes.,,J Ind Microbiol Biotechnol,,,https://pubmed.ncbi.nlm.nih.gov/36928506/
PubMed,Which genomics technologies have experienced the fastest NIH funding growth over the last five years?,2024,39426911,CRISPR-based functional genomics for schistosomes and related flatworms.,,Trends Parasitol,,,https://pubmed.ncbi.nlm.nih.gov/39426911/
PubMed,Which genomics technologies have experienced the fastest NIH funding growth over the last five years?,2022,36417506,Application of combined CRISPR screening for genetic and chemical-genetic interaction profiling in Mycobacterium tuberculosis.,,Sci Adv,,,https://pubmed.ncbi.nlm.nih.gov/36417506/
PubMed,Which genomics technologies have experienced the fastest NIH funding growth over the last five years?,2022,35894642,ColocQuiaL: a QTL-GWAS colocalization pipeline.,,Bioinformatics,,,https://pubmed.ncbi.nlm.nih.gov/35894642/
PubMed,Which genomics technologies have experienced the fastest NIH funding growth over the last five years?,2024,39223394,Revolutionizing soybean genomics: How CRISPR and advanced sequencing are unlocking new potential.,,Funct Integr Genomics,,,https://pubmed.ncbi.nlm.nih.gov/39223394/
PubMed,Which genomics technologies have experienced the fastest NIH funding growth over the last five years?,2025,40745001,CRISPR-based functional genomics tools in vertebrate models.,,Exp Mol Med,,,https://pubmed.ncbi.nlm.nih.gov/40745001/
PubMed,Which genomics technologies have experienced the fastest NIH funding growth over the last five years?,2021,33712570,Integration of Alzheimer's disease genetics and myeloid genomics identifies disease risk regulatory elements and genes.,,Nat Commun,,,https://pubmed.ncbi.nlm.nih.gov/33712570/
PubMed,Which genomics technologies have experienced the fastest NIH funding growth over the last five years?,2024,38965442,CRISPR-array-mediated imaging of non-repetitive and multiplex genomic loci in living cells.,,Nat Methods,,,https://pubmed.ncbi.nlm.nih.gov/38965442/
PubMed,Which genomics technologies have experienced the fastest NIH funding growth over the last five years?,2022,35780428,Extraction of CRISPR-targeted sequences from the metagenome.,,STAR Protoc,,,https://pubmed.ncbi.nlm.nih.gov/35780428/
PubMed,Which genomics technologies have experienced the fastest NIH funding growth over the last five years?,2020,32394244,Advances in technologies for 3D genomics research.,,Sci China Life Sci,,,https://pubmed.ncbi.nlm.nih.gov/32394244/
PubMed,Which genomics technologies have experienced the fastest NIH funding growth over the last five years?,2020,32420598,Functional genomics in autoimmune diseases.,,Hum Mol Genet,,,https://pubmed.ncbi.nlm.nih.gov/32420598/
PubMed,Which genomics technologies have experienced the fastest NIH funding growth over the last five years?,2023,37501370,Plant genome resequencing and population genomics: Current status and future prospects.,,Mol Plant,,,https://pubmed.ncbi.nlm.nih.gov/37501370/
PubMed,Which genomics technologies have experienced the fastest NIH funding growth over the last five years?,2022,36479127,High-content CRISPR screening in tumor immunology.,,Front Immunol,,,https://pubmed.ncbi.nlm.nih.gov/36479127/
PubMed,Which genomics technologies have experienced the fastest NIH funding growth over the last five years?,2024,39395408,Gene regulatory network inference from CRISPR perturbations in primary CD4(+) T cells elucidates the genomic basis of immune disease.,,Cell Genom,,,https://pubmed.ncbi.nlm.nih.gov/39395408/
PubMed,Which genomics technologies have experienced the fastest NIH funding growth over the last five years?,2021,32424235,Translational genomics and beyond in bipolar disorder.,,Mol Psychiatry,,,https://pubmed.ncbi.nlm.nih.gov/32424235/
PubMed,Which genomics technologies have experienced the fastest NIH funding growth over the last five years?,2020,32858412,CRISPR screens in the era of microbiomes.,,Curr Opin Microbiol,,,https://pubmed.ncbi.nlm.nih.gov/32858412/
PubMed,Which genomics technologies have experienced the fastest NIH funding growth over the last five years?,2021,34845024,Metagenomic discovery of CRISPR-associated transposons.,,Proc Natl Acad Sci U S A,,,https://pubmed.ncbi.nlm.nih.gov/34845024/
PubMed,Which genomics technologies have experienced the fastest NIH funding growth over the last five years?,2022,34545248,A new era in functional genomics screens.,,Nat Rev Genet,,,https://pubmed.ncbi.nlm.nih.gov/34545248/
PubMed,Which genomics technologies have experienced the fastest NIH funding growth over the last five years?,2020,31393554,RICOPILI: Rapid Imputation for COnsortias PIpeLIne.,,Bioinformatics,,,https://pubmed.ncbi.nlm.nih.gov/31393554/
PubMed,Which genomics technologies have experienced the fastest NIH funding growth over the last five years?,2024,38969724,CRISPRdelight illuminates non-repetitive genomic loci in living cells.,,Nat Methods,,,https://pubmed.ncbi.nlm.nih.gov/38969724/
PubMed,Which genomics technologies have experienced the fastest NIH funding growth over the last five years?,2021,32926379,Chimeric DNA-RNA Guide RNA Designs.,,Methods Mol Biol,,,https://pubmed.ncbi.nlm.nih.gov/32926379/
PubMed,Which genomics technologies have experienced the fastest NIH funding growth over the last five years?,2023,36534120,"Going broad and deep: sequencing-driven insights into plant physiology, evolution, and crop domestication.",,Plant J,,,https://pubmed.ncbi.nlm.nih.gov/36534120/
PubMed,Which genomics technologies have experienced the fastest NIH funding growth over the last five years?,2025,40856885,Genome-wide association studies in forestry.,,Mol Biol Rep,,,https://pubmed.ncbi.nlm.nih.gov/40856885/
PubMed,Which genomics technologies have experienced the fastest NIH funding growth over the last five years?,2024,39034325,Host cell CRISPR genomics and modelling reveal shared metabolic vulnerabilities in the intracellular development of Plasmodium falciparum and related hemoparasites.,,Nat Commun,,,https://pubmed.ncbi.nlm.nih.gov/39034325/
PubMed,Which genomics technologies have experienced the fastest NIH funding growth over the last five years?,2023,37308672,Single-cell CRISPR screen for GWAS loci.,,Nat Genet,,,https://pubmed.ncbi.nlm.nih.gov/37308672/
PubMed,Which genomics technologies have experienced the fastest NIH funding growth over the last five years?,2021,34406047,CRISPRclassify: Repeat-Based Classification of CRISPR Loci.,,CRISPR J,,,https://pubmed.ncbi.nlm.nih.gov/34406047/
PubMed,Which genomics technologies have experienced the fastest NIH funding growth over the last five years?,2025,40205616,Integration of functional genomics and statistical fine-mapping systematically characterizes adult-onset and childhood-onset asthma genetic associations.,,Genome Med,,,https://pubmed.ncbi.nlm.nih.gov/40205616/
PubMed,Which genomics technologies have experienced the fastest NIH funding growth over the last five years?,2024,38689000,Leveraging functional genomic annotations and genome coverage to improve polygenic prediction of complex traits within and between ancestries.,,Nat Genet,,,https://pubmed.ncbi.nlm.nih.gov/38689000/
PubMed,Which genomics technologies have experienced the fastest NIH funding growth over the last five years?,2022,35574596,Developments in high-throughput functional epigenomics: CRISPR-single-cell assay for transposase-accessible chromatin using sequencing screens.,,Epigenomics,,,https://pubmed.ncbi.nlm.nih.gov/35574596/
PubMed,Which genomics technologies have experienced the fastest NIH funding growth over the last five years?,2021,33913466,Using CRISPR to understand and manipulate gene regulation.,,Development,,,https://pubmed.ncbi.nlm.nih.gov/33913466/
PubMed,Which genomics technologies have experienced the fastest NIH funding growth over the last five years?,2024,38809084,CRISPRi functional genomics in bacteria and its application to medical and industrial research.,,Microbiol Mol Biol Rev,,,https://pubmed.ncbi.nlm.nih.gov/38809084/
PubMed,Which genomics technologies have experienced the fastest NIH funding growth over the last five years?,2020,32313254,CRISPR off-target detection with DISCOVER-seq.,,Nat Protoc,,,https://pubmed.ncbi.nlm.nih.gov/32313254/
PubMed,Which genomics technologies have experienced the fastest NIH funding growth over the last five years?,2025,39631148,The promise of CRISPR-associated transposons for bacterial functional genomics.,,Curr Opin Microbiol,,,https://pubmed.ncbi.nlm.nih.gov/39631148/
PubMed,Which genomics technologies have experienced the fastest NIH funding growth over the last five years?,2020,33346707,CRISPR Arrays Away from cas Genes.,,CRISPR J,,,https://pubmed.ncbi.nlm.nih.gov/33346707/
PubMed,Which genomics technologies have experienced the fastest NIH funding growth over the last five years?,2022,35271371,CRISPR-Mediated Synergistic Epigenetic and Transcriptional Control.,,CRISPR J,,,https://pubmed.ncbi.nlm.nih.gov/35271371/
PubMed,Which genomics technologies have experienced the fastest NIH funding growth over the last five years?,2022,35985010,Genomic Variants Disrupt miRNA-mRNA Regulation.,,Chem Biodivers,,,https://pubmed.ncbi.nlm.nih.gov/35985010/
PubMed,Which genomics technologies have experienced the fastest NIH funding growth over the last five years?,2020,32075565,Mobile genomics: tools and techniques for tackling transposons.,,Philos Trans R Soc Lond B Biol Sci,,,https://pubmed.ncbi.nlm.nih.gov/32075565/
PubMed,Which genomics technologies have experienced the fastest NIH funding growth over the last five years?,2023,36897113,Translating non-coding genetic associations into a better understanding of immune-mediated disease.,,Dis Model Mech,,,https://pubmed.ncbi.nlm.nih.gov/36897113/
PubMed,Which genomics technologies have experienced the fastest NIH funding growth over the last five years?,2026,41270742,A microscopy-based CRISPR screening platform enables organellar functional genomics and illuminates ciliary biology.,,Dev Cell,,,https://pubmed.ncbi.nlm.nih.gov/41270742/
PubMed,Which genomics technologies have experienced the fastest NIH funding growth over the last five years?,2021,33152605,High-Throughput Functional Genomics for Energy Production.,,Curr Opin Biotechnol,,,https://pubmed.ncbi.nlm.nih.gov/33152605/
PubMed,Which genomics technologies have experienced the fastest NIH funding growth over the last five years?,2025,40770768,Identification of replicative aging and inflammatory aging signatures via whole-genome CRISPRi screens.,,Genome Biol,,,https://pubmed.ncbi.nlm.nih.gov/40770768/
PubMed,Which genomics technologies have experienced the fastest NIH funding growth over the last five years?,2021,34638922,Achievements and Challenges of Genomics-Assisted Breeding in Forest Trees: From Marker-Assisted Selection to Genome Editing.,,Int J Mol Sci,,,https://pubmed.ncbi.nlm.nih.gov/34638922/
PubMed,Which genomics technologies have experienced the fastest NIH funding growth over the last five years?,2020,31925399,Recording transcriptional histories using Record-seq.,,Nat Protoc,,,https://pubmed.ncbi.nlm.nih.gov/31925399/
PubMed,Which genomics technologies have experienced the fastest NIH funding growth over the last five years?,2025,40745002,Live genome imaging by CRISPR engineering: progress and problems.,,Exp Mol Med,,,https://pubmed.ncbi.nlm.nih.gov/40745002/
PubMed,Which genomics technologies have experienced the fastest NIH funding growth over the last five years?,2025,39694036,Bridging genomics' greatest challenge: The diversity gap.,,Cell Genom,,,https://pubmed.ncbi.nlm.nih.gov/39694036/
PubMed,Which genomics technologies have experienced the fastest NIH funding growth over the last five years?,2021,34509299,Deciphering pathogenicity of variants of uncertain significance with CRISPR-edited iPSCs.,,Trends Genet,,,https://pubmed.ncbi.nlm.nih.gov/34509299/
PubMed,Which genomics technologies have experienced the fastest NIH funding growth over the last five years?,2020,32603690,Regulation of inflammation in diabetes: From genetics to epigenomics evidence.,,Mol Metab,,,https://pubmed.ncbi.nlm.nih.gov/32603690/
PubMed,Which genomics technologies have experienced the fastest NIH funding growth over the last five years?,2023,37828440,Sequence-based GWAS meta-analyses for beef production traits.,,Genet Sel Evol,,,https://pubmed.ncbi.nlm.nih.gov/37828440/
PubMed,Which genomics technologies have experienced the fastest NIH funding growth over the last five years?,2021,34043288,CRISPR Screens in Toxicology Research: An Overview.,,Curr Protoc,,,https://pubmed.ncbi.nlm.nih.gov/34043288/
PubMed,Which genomics technologies have experienced the fastest NIH funding growth over the last five years?,2020,32220383,Cas9HF1 enhanced specificity in Ustilago maydis.,,Fungal Biol,,,https://pubmed.ncbi.nlm.nih.gov/32220383/
PubMed,Which genomics technologies have experienced the fastest NIH funding growth over the last five years?,2021,34296264,Discovery of genomic variation across a generation.,,Hum Mol Genet,,,https://pubmed.ncbi.nlm.nih.gov/34296264/
PubMed,Which genomics technologies have experienced the fastest NIH funding growth over the last five years?,2025,40931195,Epigenomic landscape of single vascular cells reflects developmental origin and disease risk loci.,,Mol Syst Biol,,,https://pubmed.ncbi.nlm.nih.gov/40931195/
PubMed,Which genomics technologies have experienced the fastest NIH funding growth over the last five years?,2023,36688751,Comparative genomics reveals the diversity of CRISPR-Cas locus in Azotobacter organisms.,,Lett Appl Microbiol,,,https://pubmed.ncbi.nlm.nih.gov/36688751/
PubMed,Which genomics technologies have experienced the fastest NIH funding growth over the last five years?,2023,36991492,CRISPR screens identify gene targets at breast cancer risk loci.,,Genome Biol,,,https://pubmed.ncbi.nlm.nih.gov/36991492/
PubMed,Which genomics technologies have experienced the fastest NIH funding growth over the last five years?,2025,40369705,Elucidating the Genetic Underpinnings of Human Musculoskeletal System Aging Through Genomic Structural Equation Modeling.,,Clin Genet,,,https://pubmed.ncbi.nlm.nih.gov/40369705/
PubMed,Which genomics technologies have experienced the fastest NIH funding growth over the last five years?,2022,36018818,Functional genomic assays to annotate enhancer-promoter interactions genome wide.,,Hum Mol Genet,,,https://pubmed.ncbi.nlm.nih.gov/36018818/
PubMed,Which genomics technologies have experienced the fastest NIH funding growth over the last five years?,2025,40792102,Prevalence and genomic insights into type III-A CRISPR-Cas system acquisition in global Staphylococcus argenteus strains.,,Front Cell Infect Microbiol,,,https://pubmed.ncbi.nlm.nih.gov/40792102/
PubMed,Which genomics technologies have experienced the fastest NIH funding growth over the last five years?,2020,31848781,Genomic methods for measuring DNA replication dynamics.,,Chromosome Res,,,https://pubmed.ncbi.nlm.nih.gov/31848781/
PubMed,Which genomics technologies have experienced the fastest NIH funding growth over the last five years?,2024,38925657,Application of functional genomics for domestication of novel non-model microbes.,,J Ind Microbiol Biotechnol,,,https://pubmed.ncbi.nlm.nih.gov/38925657/
PubMed,Which genomics technologies have experienced the fastest NIH funding growth over the last five years?,2022,34697476,Functional single-cell genomics of human cytomegalovirus infection.,,Nat Biotechnol,,,https://pubmed.ncbi.nlm.nih.gov/34697476/
PubMed,Which genomics technologies have experienced the fastest NIH funding growth over the last five years?,2021,32603681,Translating genomic insights into cardiovascular medicine: Opportunities and challenges of CRISPR-Cas9.,,Trends Cardiovasc Med,,,https://pubmed.ncbi.nlm.nih.gov/32603681/
PubMed,Which genomics technologies have experienced the fastest NIH funding growth over the last five years?,2021,34118759,Affecting RNA biology genome-wide by binding small molecules and chemically induced proximity.,,Curr Opin Chem Biol,,,https://pubmed.ncbi.nlm.nih.gov/34118759/
PubMed,Which genomics technologies have experienced the fastest NIH funding growth over the last five years?,2025,40493189,CRISPR screens and quantitative proteomics reveal remodeling of the aryl hydrocarbon receptor-driven proteome through PARP7 activity.,,Proc Natl Acad Sci U S A,,,https://pubmed.ncbi.nlm.nih.gov/40493189/
PubMed,Which genomics technologies have experienced the fastest NIH funding growth over the last five years?,2023,37703922,CRISPR-Cas systems and diversity of targeting phages in Lactobacillus johnsonii strains; insights from genome mining approach.,,Infect Genet Evol,,,https://pubmed.ncbi.nlm.nih.gov/37703922/
PubMed,Which genomics technologies have experienced the fastest NIH funding growth over the last five years?,2022,34955367,Epigenome rewiring in human pluripotent stem cells.,,Trends Cell Biol,,,https://pubmed.ncbi.nlm.nih.gov/34955367/
PubMed,Which genomics technologies have experienced the fastest NIH funding growth over the last five years?,2023,35369840,Progress and future perspectives of livestock genomics in India: a mini review.,,Anim Biotechnol,,,https://pubmed.ncbi.nlm.nih.gov/35369840/
PubMed,Which genomics technologies have experienced the fastest NIH funding growth over the last five years?,2023,37161089,Interpreting non-coding disease-associated human variants using single-cell epigenomics.,,Nat Rev Genet,,,https://pubmed.ncbi.nlm.nih.gov/37161089/
PubMed,Which genomics technologies have experienced the fastest NIH funding growth over the last five years?,2025,40113237,Advances in CRISPR-enabled genome-wide screens in yeast.,,FEMS Yeast Res,,,https://pubmed.ncbi.nlm.nih.gov/40113237/
PubMed,Which genomics technologies have experienced the fastest NIH funding growth over the last five years?,2025,40272173,Deep mutational scanning and CRISPR-engineered viruses: tools for evolutionary and functional genomics studies.,,mSphere,,,https://pubmed.ncbi.nlm.nih.gov/40272173/
PubMed,Which genomics technologies have experienced the fastest NIH funding growth over the last five years?,2020,31797393,"The impact of transposable elements on the structure, evolution and function of the rice genome.",,New Phytol,,,https://pubmed.ncbi.nlm.nih.gov/31797393/
PubMed,Which genomics technologies have experienced the fastest NIH funding growth over the last five years?,2021,33455849,Forest and Trees: Exploring Bacterial Virulence with Genome-wide Association Studies and Machine Learning.,,Trends Microbiol,,,https://pubmed.ncbi.nlm.nih.gov/33455849/
PubMed,Which genomics technologies have experienced the fastest NIH funding growth over the last five years?,2020,32026742,Applications of Functional Genomics for Drug Discovery.,,SLAS Discov,,,https://pubmed.ncbi.nlm.nih.gov/32026742/
PubMed,Which genomics technologies have experienced the fastest NIH funding growth over the last five years?,2021,33926534,Next-generation microbiology: from comparative genomics to gene function.,,Genome Biol,,,https://pubmed.ncbi.nlm.nih.gov/33926534/
PubMed,Which genomics technologies have experienced the fastest NIH funding growth over the last five years?,2021,33773494,Emerging issues in genomic selection.,,J Anim Sci,,,https://pubmed.ncbi.nlm.nih.gov/33773494/
PubMed,Which genomics technologies have experienced the fastest NIH funding growth over the last five years?,2025,38517013,The dawn of a cure for sickle cell disease through CRISPR-based treatment: A critical test of equity in public health genomics.,,Ann Hum Genet,,,https://pubmed.ncbi.nlm.nih.gov/38517013/
PubMed,Which genomics technologies have experienced the fastest NIH funding growth over the last five years?,2023,37372438,Genomic Association Analysis of Growth and Backfat Traits in Large White Pigs.,,Genes (Basel),,,https://pubmed.ncbi.nlm.nih.gov/37372438/
PubMed,Which genomics technologies have experienced the fastest NIH funding growth over the last five years?,2025,40372478,GDBIG: A Pioneering Birth Cohort Genomic Platform Facilitating Intergenerational Genetic Research.,,Genomics Proteomics Bioinformatics,,,https://pubmed.ncbi.nlm.nih.gov/40372478/
PubMed,Which genomics technologies have experienced the fastest NIH funding growth over the last five years?,2020,33346713,"CRISPR-Cas ""Non-Target"" Sites Inhibit On-Target Cutting Rates.",,CRISPR J,,,https://pubmed.ncbi.nlm.nih.gov/33346713/
PubMed,Which genomics technologies have experienced the fastest NIH funding growth over the last five years?,2025,41285767,A genome-wide CRISPR screen identifies the TNRC18 gene locus as a regulator of inflammatory signaling.,,Nat Commun,,,https://pubmed.ncbi.nlm.nih.gov/41285767/
PubMed,Which genomics technologies have experienced the fastest NIH funding growth over the last five years?,2021,33823910,PCIP-seq: simultaneous sequencing of integrated viral genomes and their insertion sites with long reads.,,Genome Biol,,,https://pubmed.ncbi.nlm.nih.gov/33823910/
PubMed,Which genomics technologies have experienced the fastest NIH funding growth over the last five years?,2025,40918064,Cell-free DNA as a potential alternative to genomic DNA in genetic studies.,,NAR Genom Bioinform,,,https://pubmed.ncbi.nlm.nih.gov/40918064/
